Familiares,sobrev,total,tx_sobrev
0,163,537,0.30353817504655495
1,89,161,0.5527950310559007
2,59,102,0.5784313725490197
3,21,29,0.7241379310344828
4,3,15,0.2
5,3,22,0.13636363636363635
6,4,12,0.3333333333333333
7,0,6,0.0
10,0,7,0.0
