,SibSp,sobrev,total,tx_sobrev
0,0,210,608,0.34539473684210525
1,1,112,209,0.5358851674641149
2,2,13,28,0.4642857142857143
3,3,4,16,0.25
4,4,3,18,0.16666666666666666
5,5,0,5,0.0
6,8,0,7,0.0
