,Parch,sobrev,total,tx_sobrev
0,0,233,678,0.34365781710914456
1,1,65,118,0.5508474576271186
2,2,40,80,0.5
3,3,3,5,0.6
4,4,0,4,0.0
5,5,1,5,0.2
6,6,0,1,0.0
